Country Name,Country Code,Access to electricity (% of population),"Compulsory education, duration (years)","Employment to population ratio, 15+, total (%) (modeled ILO estimate)","GDP per capita, PPP (current international $)",Individuals using the Internet (% of population),"Industry (including construction), value added per worker (constant 2015 US$)","Inflation, GDP deflator (annual %)",Land area (sq. km),Merchandise exports by the reporting economy (current US$),Military expenditure (% of GDP),Net migration,Population ages 15-64 (% of total population),Proportion of seats held by women in national parliaments (%),Renewable energy consumption (% of total final energy consumption),Urban population (% of total population),"Vulnerable employment, total (% of total employment) (modeled ILO estimate)",happiness_score,social_support,healthy_life_expectancy_at_birth,freedom_to_make_life_choices,generosity,perceptions_of_corruption,positive_affect,negative_affect
Afghanistan,AFG,48.3,9.0,43.097,1570.698145179488,3.55,3186.7414554013094,-2.1634044274614297,652230.0,403441021.0,2.08741255278385,-60602.0,48.8282510289366,27.3092369477912,16.5,21.6885475109053,91.24247345838508,4402.0,552.0,50.8,679.0,191.0,0.85,481.0,237.0
Angola,AGO,33.8,6.0,64.6,7227.563642375884,2.3,52264.79556845155,-14.271278584114429,1246700.0,39917086359.0,4.70961004832072,105077.0,52.1421151099296,38.6363636363636,53.0,59.3775316348744,76.9023996576862,,,,,,,,
Albania,ALB,99.6,8.0,47.473,8473.01262309609,41.2,13458.49418159162,2.5703400893890347,27400.0,1095289610.0,1.5172171395597,-51657.0,66.9063216544298,16.4285714285714,37.1,50.6132439427449,56.8305037593501,5485.0,833.0,67.32,525.0,-159.0,864.0,564.0,279.0
United Arab Emirates,ARE,100.0,6.0,74.35,84780.32097065166,64.0,92328.18533590768,-15.182979886534229,71020.0,112805303514.0,5.457107773110359,163643.0,81.6611769273503,22.5,0.1,83.1701992996163,0.525150464255588,6866.0,885.0,65.04,849.0,16.0,339.0,718.0,287.0
Argentina,ARG,97.8,13.0,55.526,16182.075347767692,34.0,34611.12005795597,15.377649370892115,2736690.0,54724780148.0,0.886508576686385,-7882.0,63.8016799041465,38.5214007782101,8.6,90.8209023233265,19.59069930476389,6424.0,919.0,66.18,637.0,-133.0,885.0,762.0,237.0
Armenia,ARM,99.3,10.0,49.952,6811.692479595808,15.3,11378.8471147609,2.4972530789156338,28470.0,688055770.0,4.15704990783508,-30357.0,69.7865213112878,9.16030534351145,7.8,64.3519530388516,45.503767073103006,4178.0,0.68,64.56,441.0,-215.0,882.0,479.0,411.0
Australia,AUS,100.0,11.0,61.856,40434.48908991183,74.25,111526.2362057629,4.991586921201474,7682300.0,152053082233.0,1.92365517034008,235628.0,67.4999498462357,27.3333333333333,7.1,86.1278139101818,10.799983763648656,,,,,,,,
Austria,AUT,100.0,9.0,56.703,40686.673635568135,73.45,90354.25286370012,1.7393928015413849,82520.0,136966574155.99998,0.838531947457704,18222.0,67.4518072985766,27.8688524590164,31.3,67.0705895694924,11.1914861130349,,,,,,,,
Azerbaijan,AZE,99.9,9.0,57.482,14245.503536619011,27.4,46571.78673284831,-18.89922824232977,82622.0,14552439458.0,3.32542168167072,883.0,71.2322756970336,11.3821138211382,3.3,53.1358125434574,55.3638761462757,4574.0,736.0,61.42,498.0,-89.0,754.0,522.0,234.0
Burundi,BDI,5.4,,76.891,604.5881540802494,0.9,3253.563629927706,10.116469409014629,25680.0,60107664.0,,184359.0,52.6720688699614,31.3559322033898,94.6,10.4979900434482,87.0228248578009,3792.0,326.0,50.28,427.0,-18.0,718.0,607.0,164.0
Belgium,BEL,100.0,12.0,49.282,37905.65831262896,74.5441,81946.40733318139,0.7818211742830528,30333.0,367797962058.0,1.16353003394252,97175.0,66.0090222493235,38.0,4.9,84.7025801085014,11.624651251430471,,,,,,,,
Benin,BEN,30.0,6.0,71.169,2213.328956208093,2.24,1920.100853858551,2.539692060954863,112760.0,424585584.0,,4279.0,52.8534959481769,10.8433734939759,52.8,42.338538285999,83.9609874641825,,,,,,,,
Burkina Faso,BFA,12.6,10.0,77.075,1359.6922490730217,1.13,2501.3461344482885,2.40550487042772,273600.0,983301749.0,1.3527649759800702,-40148.0,51.7835269369182,15.3153153153153,83.3,23.7452325601116,80.83604680314801,,,,,,,,
Bangladesh,BGD,57.1,5.0,55.528,2675.2594592678533,3.1,2961.50859999491,6.764354680918743,130170.0,12393272781.0,1.02893954845227,-1150194.0,61.4616088790656,18.5507246376812,43.1,27.3111249057412,62.6404448858856,5083.0,528.0,60.68,631.0,-88.0,776.0,506.0,223.0
Bulgaria,BGR,92.9,9.0,50.412,13312.039842031843,45.0,10478.423401613796,3.938018502217616,108560.0,16008558979.0,1.73951150062383,-19060.0,68.7228378321801,20.8333333333333,11.6,71.3017349243164,7.69517503892675,,,,,,,,
Bahrain,BHR,100.0,9.0,69.948,48625.65692315961,53.0,47826.64108053668,-12.9939410116026,760.0,2998515069.0,3.61053524967651,46467.0,77.3103453811257,2.5,0.0,98.3277849907243,1.956761442704729,5701.0,904.0,64.76,896.0,33.0,506.0,707.0,422.0
Bosnia and Herzegovina,BIH,99.4,9.0,38.962,8161.061540891282,37.74,8504.305067986563,0.1854661252831562,51200.0,3878522729.0,1.37658621151299,-68182.0,69.4958031276918,19.047619047619,17.4,45.4246010387901,24.02418234353141,4963.0,735.0,67.0,258.0,-25.0,959.0,507.0,0.39
Belarus,BLR,93.8,9.0,58.528,14034.191120449892,27.43,10030.440488926555,9.258661922886674,202898.0,21282184396.0,1.37257698145111,13610.0,70.9921979204061,31.8181818181818,7.4,74.1909646620571,9.0254434130304,5564.0,908.0,61.74,679.0,-206.0,676.0,544.0,223.0
Belize,BLZ,86.9,8.0,56.556,9727.988685093618,27.2,19247.544134671665,-2.4657833271536305,22810.0,260982311.0,1.02025947294782,2728.0,59.8103411875348,0.0,25.1,45.4589714924251,29.14804964539005,,,,,,,,
Bolivia,BOL,86.8,14.0,66.558,6024.059473979419,16.8,5915.907657052726,-2.4198943282749354,1083300.0,5393617804.0,1.76136075631536,-13055.0,59.7733808340236,22.3076923076923,20.6,65.9781896386949,63.8124807589565,6086.0,831.0,61.5,779.0,-37.0,763.0,742.0,372.0
Brazil,BRA,98.9,8.0,61.052,13390.68313132855,39.22,15150.708046983713,7.313482741521511,8358140.0,147029926971.0,1.53862567601211,-220207.0,68.3498187386299,8.7719298245614,48.9,84.0698380333651,26.16287350607596,7001.0,913.0,63.74,767.0,-58.0,723.0,744.0,274.0
Bhutan,BTN,71.5,,66.94,6466.097449158297,7.17,27713.33697359386,4.424099434461553,38117.0,496217107.0,,-1305.0,64.8908914851554,8.51063829787234,87.8,33.3396804958817,69.6361822537241,,,,,,,,
Botswana,BWA,43.4,,52.547,11686.184663965723,6.15,35491.039123371804,15.108933748083883,566730.0,3455644991.0,3.26282073750534,4960.0,62.3542138764126,7.93650793650794,28.9,62.7501882968523,27.72622400039542,,,,,,,,
Central African Republic,CAF,9.4,10.0,68.611,877.2521311048783,1.8,2319.8093808191065,0.7116283907541856,622980.0,82073288.9999999,1.7479707408184502,-28899.0,52.3899125345699,9.61538461538462,93.9,38.476675697093,79.04994363922,,,,,,,,
Canada,CAN,100.0,10.0,61.288,38863.24855606365,80.3,89723.57455784065,-2.324922096419897,8965590.0,316347135016.0,1.37755563107525,244463.0,69.4115083969769,22.0779220779221,22.2,80.8591838893921,10.926604291217863,7488.0,943.0,70.74,915.0,242.0,413.0,793.0,248.0
Switzerland,CHE,100.0,11.0,65.47,52998.98846351999,81.3,154648.81506254774,0.4575438716554174,39513.824,172577995370.0,0.73179337674355,69324.0,68.1179868034783,29.0,20.0,73.5741230920283,11.27362692243903,7525.0,938.0,71.34,891.0,119.0,342.0,741.0,202.0
Chile,CHL,99.6,12.0,51.744,15951.330487787836,41.56,36821.15092540101,3.5777950417431867,743532.0,54956548125.0,2.2765078988770298,24324.0,68.2299904751577,14.1666666666667,31.5,86.9124897308683,20.11511398485963,6494.0,832.0,68.32,747.0,143.0,734.0,756.0,0.3
China,CHN,99.1,9.0,67.929,8447.982814692268,28.9,13333.095944978591,-0.0819669419831399,9388211.0,1200548660000.0,1.8935237960352296,-177135.0,72.856169869084,21.325744894543,13.4,48.3417053222656,41.2417335404196,4454.0,798.0,66.44,771.0,-163.0,,0.67,162.0
Cote d'Ivoire,CIV,57.3,10.0,62.433,3176.6324242061737,2.0,7858.440010602936,1.2077792972368826,318000.0,9979049105.999989,1.25173572577555,-168027.0,52.8899036202913,8.86699507389163,73.7,46.7979596502274,79.0661801742685,4197.0,667.0,48.9,0.76,-152.0,902.0,555.0,186.0
Cameroon,CMR,51.7,6.0,75.254,2878.951438861378,3.84,7347.102519017304,3.6035151841818873,472710.0,1743526288.0,1.23383418917622,-10203.0,53.2074950297488,13.8888888888889,79.2,50.4714131335678,77.9394072738217,4741.0,729.0,49.16,698.0,-24.0,925.0,592.0,0.25
"Congo, Dem. Rep.",COD,12.3,6.0,66.255,572.9592490248649,0.56,4098.3828427437065,17.893440001910136,2267050.0,4890379405.0,0.651615938486403,-46009.0,50.8129715146247,8.4,97.0,38.9962670496049,81.1513347191468,3984.0,733.0,49.4,556.0,-21.0,824.0,487.0,283.0
"Congo, Rep.",COG,37.1,10.0,54.314,4800.9015980660215,4.5,15613.391776654826,-21.16523311289616,341500.0,7799022795.0,,86014.0,56.6732512398922,7.2992700729927,55.9,62.2172294650265,76.55368600230963,,,,,,,,
Colombia,COL,96.1,10.0,58.875,10367.348955751866,30.0,17345.20498505329,4.064225467454818,1109500.0,32428692208.0,3.8869638370635298,-46901.0,66.2891954256708,8.43373493975904,31.4,76.5964145836792,45.30767757870952,6272.0,886.0,66.98,757.0,-58.0,837.0,786.0,273.0
Comoros,COM,60.1,6.0,41.068,2303.9478289146946,3.5,3346.613377773554,0.986176824509613,1861.0,12666755.0,,-3553.0,53.5245483470221,0.0,68.5,28.6217975367563,61.81850423954235,3476.0,629.0,56.76,508.0,-79.0,838.0,626.0,167.0
Costa Rica,CRI,99.4,11.0,55.753,12273.860395482548,34.33,27428.81429992381,9.701330917761524,51060.0,8742406958.0,,3432.0,67.4733670963829,36.8421052631579,40.7,70.1398469456228,24.521145863214187,7615.0,0.9,69.04,886.0,59.0,787.0,0.84,217.0
Cuba,CUB,97.6,9.0,54.55,,14.33,19265.822260447443,0.6341750206571533,106440.0,2780014121.0,3.3809600515463902,-35063.0,69.7180173442997,43.1596091205212,19.0,76.4930251871133,9.362918403463128,,,,,,,,
Cyprus,CYP,100.0,10.0,60.138,31808.0625,49.81,26612.41473685764,0.2628989487517401,9240.0,1063458204.0,1.81681950779024,11555.0,71.4358406700734,12.5,6.3,67.6836053786548,14.628258156631311,6833.0,812.0,70.64,775.0,0.05,801.0,668.0,329.0
Czechia,CZE,100.0,9.0,54.653,27713.24345646052,64.43,29516.45248727058,2.645185828691993,77240.0,113094752284.0,1.31349218921279,31270.0,70.6222814168853,15.5,10.2,73.4084890302159,13.04585590927257,,,,,,,,
Germany,DEU,100.0,13.0,54.545,37573.99101365387,79.0,63896.49911657262,1.9730026736087325,348610.0,1115209897420.0,1.2847898688108,46533.0,65.7212170370739,32.7974276527331,10.7,80.2745192417062,7.017729607153787,6641.0,935.0,69.98,844.0,123.0,0.69,684.0,206.0
Djibouti,DJI,57.6,10.0,24.527,,4.0,,,23180.0,372831568.0,,2770.0,59.6184205185365,13.8461538461538,34.4,70.6383251554484,33.47061237775797,4906.0,901.0,54.12,649.0,-4.0,634.0,0.63,232.0
Denmark,DNK,100.0,9.0,60.372,40524.3123510224,86.84,102636.1493263582,0.571749174652652,40000.0,93605695770.0,1.34441225473678,15551.0,65.7077643593637,37.9888268156425,19.3,86.7617653139929,7.122731874978459,7683.0,939.0,69.18,949.0,259.0,206.0,782.0,234.0
Dominican Republic,DOM,97.9,9.0,52.438,10381.624812680142,27.72,20371.303451287247,3.426479984921229,48310.0,5081884531.0,0.667461170274579,-36561.0,63.7469269793038,19.6629213483146,17.3,73.5894974865426,43.323565016069104,5432.0,878.0,64.64,863.0,-55.0,806.0,709.0,0.28
Algeria,DZA,98.8,10.0,38.779,13651.447299504112,11.23,20274.633085862308,-7.373748175546325,2381740.0,45193877592.0,3.5129603834668,-4458.0,67.6063092474608,7.7120822622108,0.3,66.5097384559521,29.25721933071788,,,,,,,,
Ecuador,ECU,96.5,10.0,61.063,8662.106726909788,24.6,20577.43330713404,-2.7691259490032536,248360.0,13522233751.0,3.24319951406484,-8491.0,62.5608556939791,32.258064516129,12.9,62.6588021150118,44.3727266255032,6022.0,779.0,65.46,737.0,-111.0,774.0,796.0,256.0
"Egypt, Arab Rep.",EGY,98.9,9.0,43.549,8465.020524126618,20.0,17635.022723577167,11.185542267237537,995450.0,22744011172.0,2.03264504307225,-175191.0,62.2047075908655,1.76211453744493,5.7,42.9383470624904,18.477220599885847,5066.0,744.0,61.64,611.0,-99.0,801.0,549.0,339.0
Spain,ESP,100.0,10.0,48.67,32218.28801701553,62.4,60306.134542273794,0.2312830917760635,498660.0,218781153477.0,1.35835383696039,129557.0,68.5636733899172,36.5714285714286,12.2,78.2919921861701,12.112714488147144,6199.0,929.0,70.88,749.0,-131.0,798.0,645.0,336.0
Estonia,EST,100.0,9.0,52.528,20488.94990724002,72.5,20922.72824875087,-0.3876270295873212,42390.0,8959857494.0,1.79897241682054,-2089.0,67.5317162578394,22.7722772277228,24.2,67.7348909034398,7.402992291767758,5138.0,874.0,66.62,611.0,-233.0,793.0,591.0,243.0
Ethiopia,ETH,23.7,8.0,79.733,899.1409017966507,0.54,1298.1864561362756,24.14641528955093,1128588.6,906703069.999999,1.20460157802807,16315.0,51.1015143555185,21.9281663516068,94.2,17.1511001586914,89.22170873035,,,,,,,,
Finland,FIN,100.0,9.0,55.403,37988.44986595364,82.49,95566.87784988114,1.7752256194483635,303900.0,62827225326.0,1.56084541207723,14877.0,66.4547080446908,40.0,32.5,69.546259966947,10.236289151973317,,,,,,,,
France,FRA,100.0,10.0,51.173,34685.00592499583,71.58,68329.16884467927,0.105961139274143,538950.0,472669163442.0,2.09877791453034,58032.0,64.8320505619211,18.8908145580589,11.2,77.1005391809676,6.481010794179832,6283.0,918.0,71.1,798.0,-86.0,654.0,691.0,303.0
Gabon,GAB,82.7,10.0,39.212,13383.566227318452,9.5,106933.85564872406,-18.074535104597828,257670.0,5356344081.0,,15277.0,58.1248841447414,14.6551724137931,87.9,85.7432582123932,32.58900798422337,,,,,,,,
United Kingdom,GBR,100.0,11.0,57.231,35041.54163058124,83.56,87041.80243423855,2.0074506014899214,241930.0,340998048573.0,2.6477245325979704,249639.0,66.032453839338,19.5046439628483,3.0,80.8692180088478,10.820759589565764,6907.0,964.0,69.34,816.0,337.0,559.0,739.0,231.0
Georgia,GEO,100.0,9.0,54.054,7119.142790819783,20.07,13854.919738596223,-2.135768242993308,69490.0,1133324416.0,5.60659705141182,-32757.0,67.4897207548826,5.10948905109489,36.7,54.7033821122222,59.1839037427895,3801.0,544.0,63.6,495.0,-235.0,535.0,391.0,242.0
Ghana,GHA,61.1,11.0,68.053,3617.2394443503536,5.44,5600.422489893138,15.66656862214964,227540.0,5070100170.0,0.336757870912986,22416.0,57.3401455021042,8.26086956521739,51.9,50.1111250897099,73.9210504519872,4198.0,633.0,53.86,757.0,4.0,0.89,714.0,198.0
Guinea,GIN,26.7,6.0,56.849,1566.7008924776455,0.94,7468.728604955171,1.7710300866036874,245720.0,1384354527.0,,-34007.0,51.6258805054589,,79.2,33.5352385165154,86.55596653914961,,,,,,,,
"Gambia, The",GMB,43.2,9.0,43.415,2177.0534469560657,7.63,2094.050238961868,4.513305352996454,10120.0,37263537.0,0.482205427892009,-2259.0,52.5713194107691,7.54716981132075,53.9,55.3379286345209,74.9682422945778,,,,,,,,
Greece,GRC,100.0,10.0,47.7,29963.39688751077,42.4,45494.813261627976,2.368434305097324,128900.0,24672103305.0,3.26904009456305,18182.0,66.4830493940936,17.3333333333333,9.2,76.0174962722535,27.04988834136129,6039.0,793.0,69.92,443.0,-297.0,959.0,614.0,254.0
Guatemala,GTM,83.1,16.0,58.944,6376.741062979333,9.3,10295.716523001463,3.600175273053281,107160.0,7154285924.0,0.395326073511874,-43046.0,56.2546344297125,12.0253164556962,65.3,50.7420420912045,37.78639516279517,6452.0,834.0,59.82,643.0,194.0,755.0,814.0,0.24
Guyana,GUY,77.6,6.0,50.09,8824.489601624773,23.9,13840.145913329829,1.1531139569827928,196850.0,785028369.0,0.981015648111865,-13425.0,62.6548676096339,30.0,31.3,26.620074648793,31.13610033648468,,,,,,,,
"Hong Kong SAR, China",HKG,100.0,9.0,56.822,45861.47752101387,69.4,33312.001477401966,-0.3754004007709284,1050.0,318656134795.0,,19080.0,74.3585379023313,,0.1,100.0,6.590144824333842,5397.0,835.0,,918.0,303.0,272.0,606.0,0.21
Honduras,HND,78.3,9.0,58.805,3655.797013831056,9.8,6746.178245638145,7.653732423229371,111890.0,2356835045.0,1.07491069621038,-5196.0,58.2935063236742,17.96875,50.5,50.6740175729851,35.97841919338502,6033.0,824.0,62.5,661.0,117.0,857.0,745.0,261.0
Croatia,HRV,100.0,8.0,48.169,19101.24089958456,50.58,24279.28713877474,2.982758359375936,55964.0,10465205127.0,1.77217858246391,1358.0,66.689610478339,23.5294117647059,27.2,55.3096640250682,13.79714961261706,5433.0,861.0,67.18,549.0,-276.0,958.0,557.0,272.0
Haiti,HTI,36.6,6.0,55.216,2855.1597138549378,8.1,9444.202634770592,11.601467237965466,27560.0,624522821.0,,-27924.0,59.4513044192161,4.08163265306122,80.3,45.3786413995138,74.3632824934881,,,,,,,,
Hungary,HUN,100.0,13.0,46.391,20691.448522448576,62.0,23240.99213802868,4.213673883110204,90530.0,83191921607.0,1.12823884115794,17281.0,68.8511673091448,11.139896373057,12.3,68.4592590332031,9.248810213522477,4895.0,901.0,65.64,464.0,-129.0,915.0,575.0,228.0
Indonesia,IDN,93.6,9.0,62.014,7868.148183335538,6.92,13468.01156921588,8.27475243172853,1877519.0,116438834738.0,0.571133891996423,-73655.0,66.0365814940207,17.8571428571429,38.2,49.16775798133,58.3681793495205,5472.0,779.0,60.98,784.0,189.0,911.0,768.0,193.0
India,IND,75.0,8.0,51.379,3886.581976932475,5.12,4421.308095836914,7.040365435644773,2973190.0,160618130219.0,3.12938472737472,-312905.0,63.3246171976748,10.8256880733945,37.4,30.5185314023263,82.4804895935204,4522.0,653.0,56.94,679.0,-28.0,895.0,639.0,301.0
Ireland,IRL,100.0,10.0,56.003,41491.47415328306,67.38,165057.95635798675,-4.62459856272136,68890.0,115251474604.0,0.6011690197800891,-18524.0,68.1768874874497,13.9393939393939,5.3,61.6421022728798,13.84618442860232,7046.0,959.0,69.98,835.0,0.31,0.58,745.0,233.0
"Iran, Islamic Rep.",IRN,99.7,8.0,37.819,17614.671869605667,13.8,19434.456548001373,4.598516917438715,1628760.0,64538636522.0,3.04770554917662,211.0,71.2967044249558,2.75862068965517,0.8,69.99007683587,41.77896271238679,,,,,,,,
Iraq,IRQ,98.1,6.0,37.937,11687.01420832672,1.06,30014.07758899743,-19.52120051366299,434320.0,37962602822.0,2.89914007639814,120092.0,55.5201315075158,25.4545454545455,1.2,68.9742328505284,31.87256047445573,4775.0,862.0,60.92,431.0,-195.0,854.0,504.0,404.0
Iceland,ISL,100.0,10.0,69.427,41884.773196341404,93.0,87283.87267182529,11.02819361300638,100250.0,4056480937.0,,-4785.0,67.2989404040024,42.8571428571429,74.7,93.4441340553707,11.138289907585715,,,,,,,,
Israel,ISR,100.0,13.0,56.88,28086.837763596963,63.12,90466.86580593152,4.425224614368588,21640.0,45059200000.0,5.97664891131294,7269.0,62.2980321105908,18.3333333333333,8.5,91.7319738585748,8.130619744292863,7353.0,937.0,71.32,593.0,0.17,923.0,0.62,327.0
Italy,ITA,100.0,12.0,44.542,34501.71227439061,48.83,58816.07812120865,1.772535353975087,295718.0,403085778483.0,1.54748909606347,283676.0,65.6480061547799,21.2698412698413,12.5,68.0494239486665,17.2201065573124,6334.0,0.88,71.0,701.0,237.0,0.89,715.0,279.0
Jamaica,JAM,91.0,6.0,57.627,8579.58979915443,24.3,13709.026348812336,11.656504980596608,10830.0,1355058400.0,0.947227444976472,-14941.0,66.3855798055897,13.3333333333333,7.4,53.5618180258738,38.21773944531774,,,,,,,,
Jordan,JOR,99.4,10.0,34.927,9290.808553521272,26.0,21689.98383671017,3.1615964807251657,88780.0,4974628036.0,6.391383880371521,-49687.0,60.1167556399139,6.36363636363636,2.8,81.1117480967305,10.503867772977,6.0,899.0,66.52,771.0,-81.0,739.0,587.0,265.0
Japan,JPN,100.0,9.0,56.83,33543.41987398711,78.0,67073.18369054442,-0.5695649245139123,364500.0,579567902918.0,0.9729695655055248,125450.0,63.7809247445693,11.25,4.5,90.1131158718189,9.95152366565176,5845.0,888.0,72.88,0.73,-215.0,0.74,713.0,169.0
Kazakhstan,KAZ,100.0,9.0,66.37,17389.01458383157,18.2,31212.433914533856,4.691085074031605,2699700.0,42897562102.0,1.10303324145897,-7758.0,68.1334502136783,17.7570093457944,1.3,54.1167144748885,31.27262091555406,5383.0,893.0,59.8,856.0,-253.0,845.0,595.0,129.0
Kenya,KEN,23.0,8.0,71.515,2480.044290680105,6.1,5995.523911854272,27.69681637670129,569140.0,4278555940.0,1.36507571681354,7096.0,54.1502747501781,9.82142857142857,75.6,31.8603086707305,60.4128237651572,4.27,789.0,52.98,584.0,89.0,913.0,679.0,183.0
Kyrgyz Republic,KGZ,99.5,9.0,59.985,3096.938141148715,16.0,2186.972351551754,4.035303861572871,191800.0,1178263643.0,3.1761005829853404,-14325.0,65.0065232402882,25.5555555555556,24.7,35.2815523593591,34.8046601917646,5069.0,855.0,61.18,699.0,-142.0,896.0,554.0,165.0
Cambodia,KHM,25.6,,81.541,2854.032883765486,0.53,3469.786298005675,0.751138640296162,176520.0,4979891682.0,1.09246347000704,-49354.0,62.3375424902342,21.1382113821138,68.0,20.1979728726519,57.3777005821421,4111.0,818.0,58.66,937.0,151.0,965.0,691.0,188.0
"Korea, Rep.",KOR,100.0,9.0,58.199,30739.957229434847,81.6,70438.13077044125,3.501701692828462,97060.0,352076359994.0,2.49990153790778,5308.0,72.4459917568215,14.7157190635452,1.2,81.9245045084002,21.91903680115965,5648.0,811.0,70.68,0.6,-0.1,787.0,596.0,209.0
Kuwait,KWT,100.0,9.0,67.099,80110.06980719735,50.8,,-17.16653744550733,17820.0,3047508321.0,3.9718063234107897,95483.0,74.8895003512809,7.69230769230769,0.0,100.0,1.0266936168526268,6585.0,926.0,69.0,819.0,2.0,675.0,694.0,252.0
Lao PDR,LAO,67.4,5.0,60.317,3485.068277402682,6.0,16897.36351598572,-2.9320735318440256,230800.0,1401543193.0,0.2171947533355389,-29545.0,59.2019936420577,25.2173913043478,66.4,30.0420311503825,83.0094278989121,,,,,,,,
Lebanon,LBN,99.3,9.0,41.492,13586.144483043545,30.14,20213.58621844758,10.284541002084708,10230.0,3396434357.0,4.02886758468434,-2700.0,67.3804778631996,3.125,4.3,87.4558678091878,20.83530533118363,5206.0,736.0,65.34,665.0,0.07,937.0,472.0,401.0
Liberia,LBR,1.9,6.0,75.384,939.4962902462144,2.0,2465.792819574973,-2.7228431411051304,96320.0,36508695.0,0.3818413597733709,1187.0,53.6348021919705,12.5,91.8,47.6245255922562,78.77329087857461,,,,,,,,
Libya,LBY,83.5,9.0,39.037,29027.14680712277,10.8,111207.75451816915,-24.84726774737757,1759540.0,27256569995.0,,11670.0,65.9230983023901,7.69230769230769,2.6,88.1345825195312,17.38400717599427,,,,,,,,
Sri Lanka,LKA,87.1,9.0,50.392,7575.579887249312,,9143.11759404553,5.879882635866224,62710.0,7004312199.0,3.16189871004304,-81130.0,67.2767866928979,5.77777777777778,63.5,16.7428136405592,42.91663623822,4212.0,0.83,63.72,799.0,301.0,0.69,661.0,172.0
Lesotho,LSO,17.0,,56.656,2036.2630856765388,3.72,4080.9964959489,2.345030867916307,30360.0,601392162.0,2.7226816702820003,-5599.0,59.0532605913625,24.1666666666667,54.0,26.2591028264855,34.72610247617982,,,,,,,,
Lithuania,LTU,99.5,10.0,48.743,17054.636556848633,59.76,23744.271450765533,-3.089532487310578,62675.0,16471644692.999998,1.07973512828669,-32186.0,67.6756909182759,19.1489361702128,20.1,66.7816619873047,11.078869439552207,5467.0,933.0,64.1,496.0,-307.0,979.0,525.0,271.0
Luxembourg,LUX,100.0,12.0,54.472,86918.59091040524,87.31,192327.7502209074,0.8706879709065873,2574.46,20687681532.0,0.371311757115607,6855.0,68.1410475795711,20.0,3.7,88.0379076027949,5.524160634356812,6958.0,939.0,70.3,939.0,117.0,432.0,713.0,238.0
Latvia,LVA,100.0,11.0,49.552,15545.08213399454,66.84,22166.131350063133,-5.731623930398499,62227.0,7680908263.0,1.41593498753712,-34807.0,67.8975790629738,22.0,38.4,67.8323653539295,9.52520953091404,4669.0,807.0,64.0,437.0,-185.0,942.0,537.0,242.0
Morocco,MAR,85.9,9.0,45.611,6628.57666015625,41.3,10246.426935184314,-0.4525587805527635,446300.0,13176518875.0,3.28865184646812,-82203.0,65.446988206156,10.4615384615385,14.2,57.7306189138977,42.6236354633082,,,,,,,,
Moldova,MDA,99.2,9.0,58.85,5827.178888828574,27.5,6650.623079193039,2.1693917045123783,32890.0,1277953911.0,0.457886649076119,-83546.0,71.4366698055426,23.7623762376238,4.8,39.3255348205566,51.35515286882259,5554.0,856.0,60.62,551.0,-101.0,925.0,539.0,306.0
Madagascar,MDG,17.4,5.0,83.167,1479.8298002594656,1.63,2793.5338882043493,6.929159085308001,581540.0,966050034.0,0.738132953446095,-1429.0,53.0149827035009,,87.2,27.5933392025561,85.32018599796959,,,,,,,,
Maldives,MDV,99.9,7.0,46.005,12265.793046425855,24.8,13626.673122947392,12.636778676468737,300.0,76665440.0,,6093.0,68.7765415260929,6.49350649350649,1.5,36.3718272129661,28.93255796132793,,,,,,,,
Mexico,MEX,98.3,11.0,57.313,15190.87445191781,26.34,32092.49075957838,5.243482440151894,1943950.0,229146180000.0,0.4784887958227539,-30809.0,63.7777486070702,27.6,9.2,76.5143930040295,28.109712983289988,6963.0,868.0,64.96,682.0,-0.08,764.0,763.0,196.0
North Macedonia,MKD,99.2,9.0,37.004,10820.052931149414,51.77,9439.414080046594,0.2950776142092763,25220.0,2708347401.0,1.68816456224776,-15455.0,68.9080623906113,32.5,18.4,58.0280165522288,22.4075757897298,4428.0,734.0,64.82,552.0,-46.0,844.0,488.0,0.37
Mali,MLI,24.0,9.0,69.377,1944.698282290924,1.8,8139.240706283549,6.035591638420911,1220190.0,1095669067.0,1.41866425479876,-34383.0,50.2109725553145,10.2040816326531,78.7,22.6557955217884,82.1965316901718,3977.0,733.0,50.96,634.0,9.0,819.0,729.0,0.15
Malta,MLT,100.0,11.0,46.557,25128.21504418291,58.86,30520.22703492844,2.246328334398612,320.0,2347434464.0,0.676723897394339,836.0,70.075298037403,8.69565217391304,0.3,94.1423744490362,10.56674240959196,6328.0,916.0,70.22,803.0,458.0,,626.0,358.0
Myanmar,MMR,51.8,5.0,65.076,3039.799823377104,0.22,2405.5451987663423,4.878599246273524,653300.0,7348384923.0,,-158542.0,66.1825672462317,,85.8,29.0033937270962,65.8040371487862,,,,,,,,
Montenegro,MNE,99.1,9.0,39.037,12175.01653580509,35.1,15449.73162747374,2.321615546145523,13450.0,385497895.0,1.8437612729969104,-3456.0,67.216286194288,11.1111111111111,49.2,64.1131468872325,13.527548763321937,4801.0,816.0,66.12,556.0,-105.0,838.0,533.0,423.0
Mongolia,MNG,80.3,12.0,55.24,7119.394242118838,10.0,12675.74055978396,1.8267036840065745,1557465.134,1885381220.0,0.629698225139809,-15007.0,68.3012884727797,3.94736842105263,4.4,67.3659050254095,56.62534589695783,,,,,,,,
Mozambique,MOZ,15.0,,80.165,951.4854537638575,2.68,3886.6856651219728,1.4713732319651598,786380.0,2005278333.0,0.687406495551449,-100625.0,51.679316455223,39.2,86.1,30.7715592059159,85.7252479698056,,,,,,,,
Mauritania,MRT,31.1,9.0,39.651,3158.7441428670822,2.28,13574.34383454208,-0.3589282038987988,1030700.0,981374485.0,3.13532417025639,-1481.0,52.6541670542254,22.1052631578947,33.4,44.7591814741371,55.0650257843158,4.5,819.0,57.1,735.0,37.0,848.0,717.0,0.17
Mauritius,MUS,99.0,11.0,54.192,15104.808154874589,22.51,14231.618406156706,-0.5457730840454929,2030.0,1713426776.0,0.167777183674029,-2467.0,71.3752529375154,17.1428571428571,12.8,40.4548202346069,17.50245857259143,,,,,,,,
Malawi,MWI,8.3,8.0,72.448,1387.7899156175797,1.07,3178.9203258756584,7.899822950528673,94280.0,1185609234.0,0.6745044979156,-8590.0,50.0525084142667,20.8333333333333,80.0,15.4015312766848,62.00351548979269,5148.0,718.0,48.54,879.0,151.0,689.0,694.0,0.13
Malaysia,MYS,99.3,6.0,59.049,18922.64595084177,55.9,27794.07973222185,-5.9922015556219606,328550.0,157231897077.0,1.8714869441888704,178410.0,66.570279533767,9.90990990990991,2.3,70.2462628363839,23.87810271425884,5385.0,792.0,65.32,874.0,-11.0,858.0,0.74,164.0
Namibia,NAM,44.1,7.0,44.063,8079.383922862182,6.5,28576.42283776849,6.945404289045399,823290.0,5734610063.0,3.37436368373618,-8626.0,59.5219442055634,26.9230769230769,33.4,40.8524900328246,32.800969996803694,,,,,,,,
Niger,NER,12.3,,78.511,998.792501504778,0.76,3093.036166344217,4.190059997951906,1266700.0,619671844.0,0.7352623613891189,-9014.0,48.3666673973639,9.73451327433628,83.2,16.2511180003032,84.7639573164328,4267.0,771.0,51.46,0.88,-9.0,483.0,714.0,115.0
Nigeria,NGA,50.0,9.0,78.45,5927.461117686348,9.3,9995.591668973691,0.6860988745944354,910770.0,71037617693.0,0.505855627592204,-18422.0,52.6273888199963,6.98324022346369,88.1,50.86453484762,70.1134040349954,4.98,722.0,51.18,537.0,66.0,913.0,0.73,225.0
Nicaragua,NIC,77.9,7.0,58.125,3879.669881903968,7.3,5307.436744361232,6.036303105355529,120340.0,1379703328.0,0.502751000926974,-29913.0,60.9644555095896,20.6521739130435,54.6,56.651098305894,41.7871937860057,5353.0,835.0,64.6,746.0,68.0,794.0,0.74,299.0
Netherlands,NLD,100.0,13.0,63.91,44959.16946374303,89.63,85235.31705963629,0.4376605277277861,33730.0,494019262387.0,1.38580992838475,39832.0,67.2776047925726,42.0,4.4,86.2223179632671,11.275547484778953,,,,,,,,
Norway,NOR,100.0,10.0,65.914,55647.614794345136,92.08,233784.2249277341,-5.115943978467257,365244.0,116685558613.0,1.59690979918941,39316.0,66.2709395899141,39.6449704142012,56.7,79.0570820210427,6.097599740738822,,,,,,,,
Nepal,NPL,59.3,,36.619,2028.9574075362173,1.97,1433.2256366870054,15.908330210245538,143350.0,885444056.999999,1.43935498107438,-266144.0,58.6464993447824,33.1649831649832,88.9,59.8638612146309,81.79665932004329,4917.0,813.0,59.84,616.0,33.0,0.95,484.0,215.0
New Zealand,NZL,100.0,10.0,63.6,30746.15516560825,79.7,74805.15532652817,2.635363526098629,263310.0,24363998403.0,1.21981164874631,12700.0,66.2997432337493,33.6065573770492,28.5,85.8918345477824,14.16483530701227,,,,,,,,
Oman,OMN,100.0,,56.255,55127.467772176366,26.8,103083.76203278077,-25.04215246622404,309500.0,26042531756.0,6.07257047519031,7226.0,68.9471549273111,0.0,0.0,74.5338635149003,3.958079927481604,,,,,,,,
Pakistan,PAK,82.5,12.0,50.265,3777.090986290509,7.5,3633.999999672142,12.374626293127136,770880.0,17184999110.0,3.26522399322955,-18298.0,56.7136578842382,22.2222222222222,46.4,34.6280259603331,59.4992070636391,5208.0,522.0,54.24,388.0,72.0,874.0,516.0,349.0
Panama,PAN,87.0,11.0,59.8,14765.73801885717,39.08,25275.59773661967,6.333408844428007,74340.0,782040212.0,,4765.0,64.4186886867594,8.45070422535211,20.4,64.9730405510737,32.99031605831644,7034.0,905.0,67.34,721.0,0.01,889.0,839.0,144.0
Peru,PER,86.4,12.0,75.466,8916.595775353591,31.4,17982.59062553564,2.063698334406155,1280000.0,26373778704.0,1.52962572422539,-219314.0,63.3251849140031,27.5,32.9,76.822147540745,53.30040616981511,5519.0,799.0,67.24,638.0,-82.0,0.88,758.0,0.32
Philippines,PHL,84.3,10.0,59.065,5157.278250884399,9.0,11119.340080025137,2.7382585664238235,298170.0,38910678296.0,1.2023233937147,-164411.0,60.7045836567012,20.9737827715356,34.1,44.3356772609527,39.9084008240244,4.88,775.0,61.54,874.0,2.0,805.0,791.0,311.0
Poland,POL,100.0,10.0,50.76,19300.166990063182,58.97,22073.528799618663,3.887648385485633,306280.0,136621121852.99998,1.79268764302392,-8283.0,71.3032076733543,20.0,8.8,60.9800753477,23.70853236135986,5772.0,917.0,66.92,821.0,0.07,898.0,649.0,246.0
Portugal,PRT,100.0,12.0,55.522,26471.90796071592,48.27,29200.168711690243,1.0981346689712836,91590.0,43305276864.0,1.53406376621365,14532.0,66.4642496260732,27.3913043478261,24.9,60.8066368745822,16.25801155494841,,,,,,,,
Paraguay,PRY,96.9,9.0,65.821,9801.649331069,18.9,21967.2150469982,3.647964918921162,397300.0,5050136890.0,0.753483712105124,-40112.0,61.9783533978877,12.5,65.4,59.3666109432844,44.90428961428904,5576.0,0.9,65.12,718.0,19.0,857.0,803.0,186.0
West Bank and Gaza,PSE,99.9,10.0,31.445,3950.279783460549,32.23,12444.382083526169,1.852733466484736,6020.0,518355481.00000006,,-25906.0,54.7402534806539,,16.5,83.5050344815957,27.20846115491556,4.47,738.0,62132.0,468.0,-88.0,797.0,474.0,466.0
Qatar,QAT,100.0,9.0,86.224,125897.62504715024,53.1,83345.86861302066,-24.21810087660687,11610.0,43964711260.0,1.99221317692269,123217.0,85.0684042332853,0.0,0.1,98.3494885340955,0.8930697987764632,6418.0,894.0,64.36,865.0,232.0,184.0,673.0,258.0
Romania,ROU,96.8,10.0,43.969,15613.274559167065,36.6,22473.90374549516,4.091577713102495,230060.0,40588436094.0,1.2780696123372202,-137953.0,68.6549859620677,11.377245508982,22.1,53.7875150259042,22.50753030711746,5368.0,812.0,65.22,606.0,-0.2,967.0,545.0,0.27
Russian Federation,RUS,98.4,9.0,57.458,19389.94140625,42.55,18103.774607331387,1.970612603059124,16376870.0,235555335589.0,3.92406340302834,350206.0,71.9113339753798,14.0,3.6,73.5288696289062,5.746543180308576,5158.0,908.0,60.06,617.0,-287.0,954.0,0.54,169.0
Rwanda,RWA,15.6,6.0,53.959,1240.549726313854,7.7,2867.789530458483,7.14765692022587,24670.0,260587229.0,1.32690239867659,-30128.0,54.6618651496211,56.25,90.5,16.9206894426355,44.3284520863695,4.03,559.0,55.3,766.0,0.0,0.41,658.0,112.0
Saudi Arabia,SAU,100.0,9.0,46.916,54787.35521147746,38.0,111279.20069302995,-16.558839932336568,2149690.0,214579663056.0,9.617199992293909,496229.0,69.1168283500299,0.0,0.0,81.8644480116889,3.628807432270258,6148.0,921.0,62.0,639.0,-109.0,445.0,683.0,319.0
Sudan,SDN,29.0,6.0,42.363,3731.61474609375,,7734.424339730373,1.8621318930236868,,8212493001.999999,5.45391875825013,-80159.0,52.6971931952259,18.9189189189189,63.1,32.5774622972843,38.8352286479497,4455.0,911.0,57.46,0.71,49.0,701.0,688.0,245.0
Senegal,SEN,53.5,11.0,47.13,2605.722802507011,7.5,5884.149071583048,-1.689038682548755,192530.0,1553465110.0,1.33587587609685,-69239.0,53.7877179685264,22.6666666666667,51.3,43.23773199459,66.6382087725508,4335.0,0.81,56.4,557.0,-0.04,918.0,708.0,228.0
Singapore,SGP,100.0,6.0,62.669,66212.962556152,69.0,88890.39701278365,2.953924643737821,700.0,268307702497.0,3.88242334748021,95841.0,78.2023490674123,23.4042553191489,0.5,100.0,9.83740075740833,6145.0,866.0,72.12,776.0,-79.0,35.0,0.45,208.0
Sierra Leone,SLE,14.6,9.0,59.002,1814.070869173503,0.26,7611.502294227386,6.341991321869742,72180.0,44415632.0,0.6957714451507571,18145.0,53.3432640098791,13.2231404958678,86.1,38.2496351532666,88.25712952933641,,,,,,,,
El Salvador,SLV,91.1,9.0,55.992,6062.675719515575,12.11,10424.237683329287,-0.0338953396293391,20720.0,3863836677.0,1.07887821146881,-55966.0,60.6292715663414,19.047619047619,32.2,64.5299047495248,37.91186517417866,6839.0,734.0,64.58,671.0,-107.0,648.0,841.0,243.0
"Somalia, Fed. Rep.",SOM,25.5,,28.018,773.7808621928929,1.16061,,2.376131724261299,627340.0,249330194.0,,-101795.0,48.7305329958087,6.86456400742115,93.6,37.8418671506609,49.0923328451083,4991.0,0.88,,746.0,,513.0,708.0,112.0
Serbia,SRB,99.6,8.0,42.748,12232.943616866052,38.1,15336.677030147872,8.436926236255118,87460.0,8342996428.0,2.07489736839956,6043.0,68.0074568900647,21.6,20.7,59.1643483956067,30.89232444298883,4.38,0.77,65.56,373.0,-181.0,961.0,466.0,435.0
South Sudan,SSD,3.0,8.0,64.707,2911.042972987796,,177800.95962594412,-11.829329539105316,,,4.968462632998491,139129.0,54.081600198019,,,17.2937284639317,80.332793435217,,,,,,,,
Suriname,SUR,94.6,6.0,47.662,12392.933358343558,31.36,29796.941749092337,6.483624247825759,160507.61,484307552.0,,-1204.0,63.7128197392047,25.4901960784314,26.5,66.5058869102882,17.87917659275552,,,,,,,,
Slovak Republic,SVK,100.0,10.0,51.644,23077.371208463566,70.0,22450.504075789453,-1.1225724418677745,48090.0,56230645899.0,1.51744260464589,-542.0,72.179408912322,18.0,10.0,54.7260356993483,12.40856895461039,,,,,,,,
Slovenia,SVN,100.0,9.0,56.149,27228.63870254356,64.0,40896.85861212517,2.732839283884175,20145.8,26068922811.0,1.60495226217918,11594.0,69.6517698888981,14.4444444444444,19.6,50.2439782050416,15.79398381612548,5.83,919.0,69.04,896.0,-23.0,804.0,583.0,303.0
Sweden,SWE,100.0,9.0,58.068,40094.02886241732,91.0,105942.67112564562,2.358933234514211,407339.7,130090779117.0,1.1657412674695,63638.0,65.4356020278016,46.4183381088825,45.7,84.9341031919813,8.06355847588136,7266.0,903.0,71.16,864.0,217.0,292.0,761.0,151.0
Eswatini,SWZ,38.6,,37.698,7010.933126351396,8.94,18111.67719010326,10.162846895564217,17200.0,1286990815.0,2.09112187510159,-10989.0,57.8182125831389,13.6363636363636,66.7,22.2343865624794,34.82549287140848,,,,,,,,
Syrian Arab Republic,SYR,91.1,9.0,39.445,,17.3,5563.199555929414,-2.7802230393940306,183640.0,38208868892.0,4.02770775856936,-52703.0,60.2792050104997,12.4,0.9,55.0293653833552,34.19094185565655,4979.0,842.0,66.86,748.0,79.0,688.0,491.0,292.0
Chad,TCD,6.3,10.0,64.051,2087.147186778675,1.5,16464.22166748668,-1.5801906838991044,1259200.0,2176002215.0,5.70148439592454,9108.0,49.0263565660748,5.16129032258065,79.4,21.7784396568755,90.7542098533414,3639.0,646.0,48.22,401.0,0.02,931.0,601.0,221.0
Togo,TGO,33.7,10.0,56.507,1474.183389934817,2.6,2367.452164964878,3.1172426928133063,54390.0,658752594.0,1.63801256321406,-1985.0,55.7222137725507,11.1111111111111,63.4,37.1195037247939,81.60646493248211,,,,,,,,
Thailand,THA,99.0,9.0,71.75,11964.05294677146,20.1,15318.683507521322,0.1947721309581709,510890.0,151066486114.0,1.54034760915174,110883.0,71.1044217149816,13.3192389006343,22.8,42.9991311200422,53.0593254359251,5476.0,893.0,66.92,868.0,523.0,904.0,808.0,166.0
Tajikistan,TJK,99.0,9.0,39.522,2171.3609163848755,10.07,5484.032685792475,12.126201494193452,139960.0,1037222035.0,0.954768508640922,-36677.0,59.6811179362984,17.4603174603175,60.6,26.529186594207,31.5734738131595,4575.0,676.0,60.8,744.0,-4.0,792.0,475.0,203.0
Turkmenistan,TKM,99.7,10.0,45.338,8285.018930153608,1.95,,9.761016135092987,469930.0,2624961165.0,,6656.0,65.3514056077564,16.8,0.1,46.8925342953825,34.2871349259306,6568.0,924.0,59.78,,-102.0,,695.0,152.0
Trinidad and Tobago,TTO,99.0,6.0,61.516,29601.61944665752,44.3,56376.25687766224,-27.631792049927824,5130.0,9301881149.0,0.7096586444811439,-3056.0,73.4780531029922,26.8292682926829,0.5,54.3920297229449,16.65126215608751,,,,,,,,
Tunisia,TUN,99.5,9.0,40.892,10237.08899945004,34.07,,3.023044970584948,155360.0,13968435297.0,1.2949496088007,-13512.0,69.2192250063271,27.5700934579439,16.1,66.3362197875977,22.11575928032211,5025.0,,66.22,781.0,-124.0,722.0,,
Turkiye,TUR,99.7,8.0,41.164,15559.742533250135,36.4,23558.420369340143,5.580170753788579,769630.0,98809122111.0,2.47155127527395,24276.0,66.5575162732695,9.10746812386157,13.1,67.8401432171223,32.9455526193671,5213.0,755.0,66.74,456.0,-0.23,853.0,454.0,316.0
Tanzania,TZA,11.2,7.0,84.671,1972.16784667969,2.4,4727.729605615824,9.04166245405979,885800.0,2975976413.0,0.7571930663044689,-324478.0,51.9600085085061,30.6501547987616,91.0,27.498387547781,87.29223762356649,3408.0,837.0,52.74,607.0,308.0,903.0,733.0,161.0
Uganda,UGA,10.0,7.0,70.861,2014.608794420984,4.1,3329.556129248527,85.35327523505751,199810.0,1456470312.0,1.43231723283534,-164553.0,48.3194605501083,31.4814814814815,94.3,17.6123523369348,77.595356172073,4612.0,852.0,51.26,0.76,-39.0,0.84,594.0,296.0
Ukraine,UKR,99.9,11.0,51.28,7994.61572265625,17.9,4815.219067577572,12.629928973802734,579320.0,39260378277.0,2.8403538702613003,26796.0,70.7990100577751,8.0,3.0,68.5251442249547,18.7349629798453,5166.0,845.0,61.88,0.46,-247.0,962.0,545.0,189.0
Uruguay,URY,99.1,14.0,59.732,16421.7696322847,41.8,42524.18167251337,8.617074545234502,175020.0,4518717547.0,1.8226133795888704,-8510.0,63.3383190975716,14.1414141414141,44.6,93.9337324320314,24.21017907942142,6296.0,924.0,67.02,825.0,-128.0,544.0,722.0,255.0
United States,USA,100.0,12.0,58.412,47194.95008938721,71.0,,0.6167942079236184,9147420.0,1053235200000.0,4.87576835879774,1387306.0,67.5228695936854,16.7816091954023,7.3,80.6850378350499,4.157052801731758,7158.0,912.0,66.72,831.0,196.0,665.0,753.0,262.0
Uzbekistan,UZB,99.5,11.0,52.612,5135.464446475829,11.9,4574.960175016297,17.261565134241266,435945.0,4946231621.0,,-20378.0,65.7464566480186,22.0,1.2,51.6105041503906,36.56462548985566,5261.0,905.0,62.06,,6.0,0.61,646.0,159.0
"Venezuela, RB",VEN,99.0,14.0,60.138,20562.366782465924,32.7,,7.831666360026617,882050.0,52271078892.0,1.23107041540807,-50286.0,64.1440162839562,17.4698795180723,16.2,88.7865574027187,31.44210253785798,7189.0,945.0,65.34,677.0,-121.0,828.0,792.0,0.18
Viet Nam,VNM,96.1,9.0,74.718,5060.732122671962,26.55,6133.815212290695,6.215623151205676,312762.0,54707156420.0,2.26520866993266,-18560.0,68.8842359996053,25.7606490872211,37.0,29.7581347355675,61.62168662772859,5304.0,815.0,64.42,834.0,-0.08,838.0,481.0,0.19
Kosovo,XKX,,,,6736.7610892669245,,,-2.8331299917188915,,205042315.0,0.4815972705135359,-31556.0,65.0609871445156,,,37.8480031463455,,5891.0,0.83,,506.0,206.0,968.0,528.0,169.0
"Yemen, Rep.",YEM,59.6,9.0,34.962,3410.6102953448644,9.96,39186.51505922096,-8.705270020296638,527970.0,6206212326.0,5.65364869262807,30919.0,53.1776459279196,0.332225913621262,0.7,30.3031502248211,41.6480117140611,4809.0,756.0,58.64,644.0,-52.0,832.0,511.0,374.0
South Africa,ZAF,82.6,9.0,41.264,12261.411591130323,10.0,19849.49460384869,8.663041831596402,1213090.0,54377641239.0,1.08950470906387,41528.0,65.0757833454956,44.5,9.2,62.2592839131287,10.088873815330562,5218.0,877.0,48.7,739.0,-162.0,904.0,656.0,231.0
Zambia,ZMB,26.6,7.0,52.855,2872.46418366268,2.5,21027.423732886404,5.559685660255866,743390.0,4219543271.0,1.73163534710359,44867.0,51.7026398681817,14.0127388535032,89.2,39.4908312026796,81.4209063694042,5.26,782.0,48.74,696.0,-97.0,917.0,693.0,123.0
Zimbabwe,ZWE,43.4,7.0,62.225,2232.852572896699,4.0,3940.331829482071,93.24651327469168,386850.0,1794982854.0,,-108689.0,54.2068942061348,14.9532710280374,82.6,32.7074288573175,68.40327498113815,4056.0,806.0,44.0,411.0,-61.0,931.0,0.66,218.0
